person,follower
1002971,fangyunan
1002971,jennychang
1002971,mattony
1002971,movieview
1002971,ThinkingCat
104562976,151306944
104562976,52023182
104562976,6860748
104562976,sylvialove7
1207019,153112416
1207019,2244561
1207019,4093950
1207019,51715849
1207019,52023182
1207019,Bambus
1207019,bigteeth
1207019,boliwawa
1207019,dapenti
1207019,jsswst
1207019,leeforce
1207019,LucFrance
1207019,sylvialove7
1207019,t_--_
1207019,yezzi
1207019,zyzyzhangyuan
121543501,151306944
1233038,151306944
1233038,1829450
1233038,51715849
1233038,alcudish
1233038,boliwawa
1233038,isotherm
1233038,LucFrance
1233038,movieview
1233038,RiverPheonix
1233038,sardine2
1233038,SELVEN
1233038,sylvialove7
1233038,tk78301
1233038,wzcjojo
1233038,yezzi
1306273,28743113
1306273,elact
1306273,isotherm
1306273,jackchen
13879032,2244561
13879032,wzcjojo
1402913,151306944
1402913,SELVEN
1402913,tk78301
1441177,151306944
1441177,52023182
1441177,lvyuanhao
1441177,sylvialove7
1441177,tk78301
1441177,wanghou091023
144906475,1829450
144906475,2244561
144906475,6860748
144906475,Equator
144906475,lvyuanhao
144906475,RiverPheonix
144906475,sylvialove7
144906475,yaozi0426
144906475,yezzi
144906475,zhengshuashua
173219899,tk78301
1829450,3064233
1829450,foxsshome
1829450,yezzi
1829450,yushi
2244561,aixiaoke
2244561,thoughts
28743113,151306944
28743113,cancermomo
28743113,danyboy
28743113,fengxifengxi
28743113,huzhuang
28743113,immortal_3
28743113,luoye0729
28743113,mattony
28743113,nipperbeta
28743113,yalindongdong
3064233,1829450
3064233,6860748
3064233,boliwawa
3064233,isotherm
3064233,wzcjojo
3064233,zhengshuashua
4093950,151306944
4187023,121543501
4187023,2244561
4187023,28743113
4187023,52023182
4187023,6860748
4187023,77046962
4187023,Equator
4187023,jennychang
4187023,metaldudu
4187023,nopanic
4187023,yaozi0426
4187023,zyzyzhangyuan
4370686,busanmovie
4370686,darlingtudai
4370686,SELVEN
4370686,veverlee
51715849,wzcjojo
51715849,xryutu
54793495,151306944
54793495,claymoreteresa
54793495,jennychang
54793495,tensor
54793495,xryutu
58259026,fangyunan
58259026,rosiel
58259026,sylvialove7
59291955,151306944
59291955,lvyuanhao
59291955,sylvialove7
63306399,151306944
63433284,213118435
77046962,arcana
77046962,chesirecat
77046962,danyboy
77046962,lvyuanhao
77046962,rosiel
77046962,xseac
ahbei,153112416
ahbei,1829450
ahbei,2244561
ahbei,28743113
ahbei,4093950
ahbei,63306399
ahbei,alcudish
ahbei,Bambus
ahbei,bigteeth
ahbei,elact
ahbei,Equator
ahbei,eric_iiw
ahbei,jsswst
ahbei,leeforce
ahbei,lvyuanhao
ahbei,mattony
ahbei,movieview
ahbei,nopanic
ahbei,RiverPheonix
ahbei,sardine2
ahbei,SELVEN
ahbei,sylvialove7
ahbei,wanghou091023
ahbei,wzcjojo
ahbei,yaozi0426
ahbei,yezzi
ahbei,zhengshuashua
aixiaoke,151306944
aixiaoke,2244561
aixiaoke,4093950
aixiaoke,51715849
aixiaoke,52023182
aixiaoke,6860748
aixiaoke,alcudish
aixiaoke,bigteeth
aixiaoke,chils
aixiaoke,dapenti
aixiaoke,jackchen
aixiaoke,jsswst
aixiaoke,LucFrance
aixiaoke,mattony
aixiaoke,maverick0806
aixiaoke,movieview
aixiaoke,RiverPheonix
aixiaoke,SELVEN
aixiaoke,sylvialove7
aixiaoke,tk78301
aixiaoke,wanghou091023
aixiaoke,wzcjojo
aixiaoke,zhengshuashua
alcudish,danyboy
alcudish,lvyuanhao
alcudish,xryutu
alcudish,yezzi
alexcite,4093950
alexcite,4370686
alexcite,isotherm
alexcite,LucFrance
alexcite,lvyuanhao
aluu,jsswst
aluu,LucFrance
aluu,zyzyzhangyuan
angle223,51715849
annabel828,151306944
annabel828,2244561
annabel828,dapenti
annabel828,elact
annabel828,jsswst
annabel828,sylvialove7
annho,2244561
annho,28743113
annho,52023182
annho,boliwawa
annho,seafans
annho,SELVEN
annho,waking
annho,wzcjojo
annho,yezzi
antijameslee,4370686
antijameslee,51715849
antijameslee,boliwawa
antijameslee,dapenti
antijameslee,jennychang
antijameslee,kinglilychou
antijameslee,LucFrance
antijameslee,RiverPheonix
antijameslee,SELVEN
antijameslee,wzcjojo
antony0411,6860748
antony0411,zhengshuashua
arcana,151306944
arcana,52023182
arcana,6860748
arcana,kinglilychou
arcana,lvyuanhao
arcana,sardine2
arcana,wanghou091023
arcana,xpwk
arcana,zhengshuashua
ayida365,1002971
ayida365,6860748
ayida365,bigteeth
ayida365,flower21
ayida365,lvyuanhao
ayida365,seafans
ayida365,zhengshuashua
Bambus,chesirecat
Bambus,tiamat
banbeizi,1002971
banbeizi,28743113
banbeizi,51715849
banbeizi,bigteeth
banbeizi,boliwawa
banbeizi,isotherm
banbeizi,kinglilychou
banbeizi,leeforce
banbeizi,lvyuanhao
banbeizi,maverick0806
banbeizi,movieview
banbeizi,seafans
banbeizi,wanghou091023
banbeizi,wzcjojo
banbeizi,yezzi
bdleizi,147896605
bdleizi,sylvialove7
bighead,metaldudu
bighead,sardine2
bigteeth,aixiaoke
bigteeth,banbeizi
bigteeth,daisychen1942
bigteeth,hecaitou
bigteeth,jennychang
bigteeth,kavkalu
bigteeth,LucFrance
bigteeth,magic828
bigteeth,maybeland
bigteeth,meiyang
bigteeth,MovieL
bigteeth,onegirl
bigteeth,wenzel
bigteeth,wusequanwei
bigteeth,xryutu
bigteeth,zhangjiawei
blueshadow,6860748
blueshadow,luoye0729
blueshadow,waking
blueshadow,zhengshuashua
boliwawa,151306944
boliwawa,153112416
boliwawa,6860748
boliwawa,banbeizi
boliwawa,danyboy
boliwawa,dreamfox
boliwawa,immortal_3
boliwawa,jsswst
boliwawa,kavkalu
boliwawa,luoying6
boliwawa,luzhiyu
boliwawa,MeloTheFisher
boliwawa,MovieL
boliwawa,mydear1011
boliwawa,seafans
boliwawa,veverlee
boliwawa,wusequanwei
boliwawa,yaozi0426
boliwawa,ydyie
boys_on_top,52023182
boys_on_top,6860748
boys_on_top,yezzi
busanmovie,151306944
busanmovie,4093950
busanmovie,4370686
busanmovie,52023182
busanmovie,6860748
busanmovie,boliwawa
busanmovie,jennychang
busanmovie,luoye0729
busanmovie,lvyuanhao
busanmovie,wzcjojo
busanmovie,zhengshuashua
Calico,sylvialove7
Calico,vera.xue
CammyWhite,elact
CammyWhite,helicopter
CammyWhite,kinglilychou
CammyWhite,linulaoyao
CammyWhite,lvyuanhao
CammyWhite,mymx
CammyWhite,sylvialove7
CammyWhite,tk78301
CammyWhite,xryutu
cancermomo,28743113
cancermomo,6860748
cancermomo,bigteeth
cancermomo,lvyuanhao
cancermomo,RiverPheonix
ChannaDisco,6860748
ChannaDisco,RiverPheonix
ChannaDisco,sylvialove7
chesirecat,77046962
chesirecat,leeforce
chesirecat,lvyuanhao
chesirecat,zhengshuashua
chils,151306944
chils,6860748
chils,aixiaoke
chils,krisontheroad
chils,whoiswho
claymoreteresa,52023182
claymoreteresa,6860748
claymoreteresa,leeforce
claymoreteresa,lvyuanhao
claymoreteresa,neufly
claymoreteresa,yaozi0426
CyberKnight,153112416
CyberKnight,51715849
CyberKnight,alcudish
CyberKnight,boliwawa
CyberKnight,isotherm
CyberKnight,leeforce
CyberKnight,neufly
CyberKnight,RiverPheonix
CyberKnight,SELVEN
CyberKnight,tk78301
CyberKnight,wzcjojo
daisychen1942,2244561
daisychen1942,28743113
daisychen1942,52023182
daisychen1942,6860748
daisychen1942,bigteeth
daisychen1942,Equator
daisychen1942,eric_iiw
daisychen1942,lvyuanhao
daisychen1942,RiverPheonix
daisychen1942,sylvialove7
daisychen1942,zhengshuashua
daisychen1942,zyzyzhangyuan
danyboy,151306944
danyboy,28743113
danyboy,6860748
danyboy,77046962
danyboy,alcudish
danyboy,boliwawa
danyboy,isotherm
danyboy,lvyuanhao
danyboy,metaldudu
danyboy,neufly
danyboy,nopanic
danyboy,RiverPheonix
danyboy,sarahwinner
danyboy,sylvialove7
danyboy,wanghou091023
danyboy,wzcjojo
danyboy,yezzi
danyboy,zhengshuashua
danyboy,zyzyzhangyuan
dapenti,1207019
dapenti,151306944
dapenti,aixiaoke
dapenti,elact
dapenti,jiadunzhenji
dapenti,krisontheroad
dapenti,qsxiao
dapenti,tiamat
darlingtudai,4370686
darlingtudai,bigteeth
darlingtudai,boliwawa
darlingtudai,LucFrance
darlingtudai,seafans
darlingtudai,wzcjojo
ddragon,151306944
ddragon,52023182
ddragon,6860748
ddragon,elact
ddragon,leeforce
ddragon,sylvialove7
douban-time,151306944
douban-time,2244561
douban-time,sylvialove7
douban-time,wzcjojo
dreamfox,51715849
dreamfox,52023182
dreamfox,boliwawa
dreamfox,movieview
dreamfox,RiverPheonix
dreamfox,SELVEN
dreamfox,tk78301
dreamfox,wzcjojo
dreamfox,yezzi
dubian0816,metaldudu
dubian0816,RiverPheonix
dubian0816,sardine2
duchamp,1829450
duchamp,movieview
elact,151306944
elact,51715849
elact,6860748
elact,bighead
elact,CammyWhite
elact,dapenti
elact,krisontheroad
elact,leeforce
elact,luzhiyu
elact,metaldudu
elact,putengfei
elact,qdmimi19810920
elact,robbie1127
elact,sylvialove7
elact,yezzi
ElephantBoy,6860748
ElephantBoy,isotherm
ElephantBoy,kinglilychou
ElephantBoy,lvyuanhao
ElephantBoy,sardine2
Equator,lvyuanhao
Equator,SWX
Equator,zeroqq
Erman-Wei,2244561
faceChrist,2244561
faceChrist,28743113
faceChrist,6860748
faceChrist,kinglilychou
faceChrist,lvyuanhao
faceChrist,movieview
faceChrist,nopanic
faceChrist,sylvialove7
faceChrist,yezzi
faceChrist,zyzyzhangyuan
fall1114,bigteeth
fangyunan,28743113
fangyunan,51715849
fangyunan,boliwawa
fangyunan,isotherm
fangyunan,movieview
fangyunan,seafans
fangyunan,SELVEN
fangyunan,tk78301
fangyunan,waking
fangyunan,wzcjojo
fangyunan,zhengshuashua
feifeiyu,2244561
feifeiyu,52023182
feifeiyu,isotherm
feifeiyu,sylvialove7
feifeiyu,yezzi
fengxifengxi,2244561
fengxifengxi,28743113
fengxifengxi,lvyuanhao
fengxifengxi,yezzi
firo,52023182
firo,isotherm
firo,lvyuanhao
firo,vera.xue
flower21,luzhiyu
flower21,wenzel
flower21,xryutu
flower21,yinxiang
foxsshome,1829450
foxsshome,52023182
foxsshome,6860748
foxsshome,hamturi
foxsshome,jsswst
foxsshome,sylvialove7
fucktheworld,6860748
glaciergr,52023182
gushiyanjiushi,lvyuanhao
gushiyanjiushi,sylvialove7
Hamlet-Luang,2244561
Hamlet-Luang,52023182
Hamlet-Luang,6860748
Hamlet-Luang,jennychang
hamturi,xryutu
hamturi,yezzi
hecaitou,1829450
hecaitou,4093950
hecaitou,Bambus
hecaitou,bigteeth
hecaitou,boliwawa
hecaitou,Equator
hecaitou,jackchen
hecaitou,jsswst
hecaitou,leeforce
hecaitou,LucFrance
hecaitou,luoye0729
hecaitou,maverick0806
hecaitou,movieview
hecaitou,RiverPheonix
hecaitou,sarahwinner
hecaitou,sardine2
hecaitou,sylvialove7
hecaitou,wzcjojo
hecaitou,xpwk
hecaitou,zyzyzhangyuan
helicopter,6860748
helicopter,lvyuanhao
helicopter,sylvialove7
helicopter,yezzi
helicopter,zhengshuashua
hitchitsch,151306944
hitchitsch,6860748
hitchitsch,ayida365
hitchitsch,CyberKnight
hitchitsch,eric_iiw
hitchitsch,fangyunan
hitchitsch,isotherm
hitchitsch,kejinlong
hitchitsch,luzhiyu
hitchitsch,onegirl
hitchitsch,smokey
hitchitsch,yezzi
hitchitsch,yinxiang
hitchitsch,zeroqq
huzhuang,28743113
huzhuang,lvyuanhao
huzhuang,zhengshuashua
immortal_3,28743113
immortal_3,boliwawa
immortal_3,lvyuanhao
iserlohnwind,boliwawa
iserlohnwind,jsswst
iserlohnwind,leeforce
isotherm,alexcite
isotherm,hitchitsch
isotherm,immortal_3
isotherm,maybeland
isotherm,vividtime
isotherm,zuoshanweng
jackchen,2244561
jackchen,tiamat
Januaryyi,52023182
Januaryyi,6860748
Januaryyi,bigteeth
Januaryyi,sylvialove7
Januaryyi,vera.xue
Januaryyi,yezzi
jennychang,1002971
jiadunzhenji,151306944
jiadunzhenji,1829450
jiadunzhenji,2244561
jiadunzhenji,52023182
jiadunzhenji,6860748
jiadunzhenji,elact
jiadunzhenji,leeforce
jianxiaodan,151306944
jianxiaodan,52023182
jianxiaodan,movieview
jianxiaodan,sylvialove7
jsswst,1207019
jsswst,aixiaoke
jsswst,aluu
jsswst,elact
jsswst,kavkalu
jsswst,leeforce
jsswst,luoying6
jsswst,magic828
jsswst,pinkonion
jsswst,qdmimi19810920
jsswst,qsxiao
jsswst,seafans
jsswst,waking
jsswst,wisely1229
jsswst,yinxiang
jsswst,yushi
jsswst,zhangjiawei
kavkalu,alcudish
kavkalu,boliwawa
kavkalu,jennychang
kavkalu,jsswst
kavkalu,leeforce
kavkalu,zyzyzhangyuan
kejinlong,kinglilychou
kejinlong,wzcjojo
kinglilychou,arcana
kinglilychou,CammyWhite
kinglilychou,ElephantBoy
kinglilychou,kejinlong
kinglilychou,maybeland
kinglilychou,qdmimi19810920
kinglilychou,ThinkingCat
kinglilychou,tk78301
kinglilychou,yimaxxduck
krisontheroad,elact
krisontheroad,yezzi
leeforce,4187023
leeforce,ddragon
leeforce,elact
leeforce,jsswst
leeforce,kavkalu
leeforce,tiamat
lingrui1995,173219899
lingrui1995,6860748
lingrui1995,sylvialove7
lingrui1995,tk78301
lingrui1995,wzcjojo
linulaoyao,xyc1987
lovedzc,jsswst
lovedzc,sylvialove7
lovedzc,wanger0619
lovedzc,wzcjojo
lovedzc,zyzyzhangyuan
LucFrance,aixiaoke
LucFrance,alexcite
LucFrance,aluu
LucFrance,antijameslee
LucFrance,bigteeth
LucFrance,chesirecat
LucFrance,darlingtudai
LucFrance,fangyunan
LucFrance,luoying6
LucFrance,luzhiyu
LucFrance,lvyuanhao
LucFrance,MovieL
LucFrance,philaro2009
LucFrance,ruoxudeng
LucFrance,shinewewe
LucFrance,veverlee
LucFrance,ydyie
LucFrance,yinxiang
luoye0729,3064233
luoye0729,4370686
luoye0729,blueshadow
luoye0729,luoruisheng
luoye0729,nw77
luoye0729,qdmimi19810920
luoye0729,rosiel
luoye0729,sharplhl
luoye0729,wisely1229
luoying6,62496308
luoying6,bigteeth
luoying6,boliwawa
luoying6,jsswst
luoying6,lvyuanhao
luoying6,SELVEN
luzhiyu,151306944
luzhiyu,153112416
luzhiyu,2244561
luzhiyu,4093950
luzhiyu,4370686
luzhiyu,boliwawa
luzhiyu,SELVEN
luzhiyu,tk78301
luzhiyu,wzcjojo
luzhiyu,xpwk
luzhiyu,yaozi0426
luzhiyu,yezzi
mado1983,28743113
mado1983,jsswst
magic828,52023182
magic828,6860748
magic828,bigteeth
magic828,boliwawa
magic828,jsswst
magic828,leeforce
magic828,metaldudu
magic828,seafans
magic828,wzcjojo
magic828,yezzi
mattony,1002971
mattony,28743113
mattony,ahbei
mattony,yezzi
maverick0806,3064233
maverick0806,isotherm
maverick0806,tensor
maverick0806,tk78301
maverick0806,veverlee
maverick0806,xryutu
maverick0806,yinxiang
maverick0806,zishuzishu
maybeland,6860748
maybeland,seafans
maybeland,yezzi
meiyang,151306944
meiyang,2244561
meiyang,52023182
meiyang,hamturi
meiyang,sylvialove7
MeloTheFisher,6860748
MeloTheFisher,boliwawa
metaldudu,krisontheroad
metaldudu,magic828
metaldudu,sylvialove7
MovieL,1002971
MovieL,153112416
MovieL,1829450
MovieL,2244561
MovieL,28743113
MovieL,4093950
MovieL,51715849
MovieL,6860748
MovieL,77046962
MovieL,alcudish
MovieL,Bambus
MovieL,bigteeth
MovieL,boliwawa
MovieL,eric_iiw
MovieL,isotherm
MovieL,jsswst
MovieL,LucFrance
MovieL,luoye0729
MovieL,lvyuanhao
MovieL,maverick0806
MovieL,movieview
MovieL,nopanic
MovieL,RiverPheonix
MovieL,seafans
MovieL,SELVEN
MovieL,sylvialove7
MovieL,tk78301
MovieL,wzcjojo
MovieL,xpwk
movieview,1002971
movieview,dreamfox
movieview,fangyunan
movieview,tk78301
mydear1011,boliwawa
mydear1011,dapenti
mydear1011,isotherm
mydear1011,jsswst
mydear1011,leeforce
mydear1011,wanghou091023
mydear1011,zhengshuashua
myida,151306944
myida,2244561
myida,52023182
myida,6860748
myida,jsswst
myida,lvyuanhao
myida,sylvialove7
myida,yezzi
mymx,CammyWhite
mymx,sylvialove7
nelavan,movieview
nelavan,waking
neufly,153112416
neufly,58259026
neufly,alcudish
neufly,claymoreteresa
neufly,CyberKnight
neufly,danyboy
neufly,eric_iiw
neufly,Hamlet-Luang
neufly,kejinlong
neufly,luzhiyu
neufly,philaro2009
neufly,ydyie
neufly,yinxiang
neufly,yuanzhigao_0
nipperbeta,28743113
nipperbeta,vera.xue
nopanic,151306944
nopanic,claymoreteresa
nopanic,isotherm
nopanic,sharplhl
nopanic,yinxiang
nw77,28743113
nw77,52023182
nw77,6860748
nw77,isotherm
nw77,sylvialove7
onegirl,1829450
onegirl,bigteeth
onegirl,boliwawa
onegirl,fangyunan
onegirl,luoying6
onegirl,luzhiyu
onegirl,veverlee
onegirl,yinxiang
petz,6860748
petz,sylvialove7
philaro2009,153112416
philaro2009,eric_iiw
philaro2009,lvyuanhao
philaro2009,neufly
philaro2009,RiverPheonix
philaro2009,sardine2
pinkonion,151306944
pinkonion,1829450
pinkonion,2244561
pinkonion,4093950
pinkonion,52023182
pinkonion,6860748
pinkonion,jennychang
pinkonion,jsswst
pinkonion,LucFrance
pinkonion,movieview
pinkonion,sylvialove7
pinkonion,zyzyzhangyuan
problemchildren,6860748
problemchildren,sylvialove7
problemchildren,wzcjojo
putengfei,151306944
putengfei,52023182
putengfei,6860748
putengfei,lvyuanhao
putengfei,sylvialove7
putengfei,zyzyzhangyuan
Q598176297,2244561
Q598176297,wzcjojo
qdmimi19810920,bigteeth
qdmimi19810920,elact
qdmimi19810920,jsswst
qdmimi19810920,kinglilychou
qdmimi19810920,sardine2
qdmimi19810920,wzcjojo
qfmeng,yezzi
qsxiao,151306944
qsxiao,2244561
qsxiao,28743113
qsxiao,52023182
qsxiao,dapenti
qsxiao,jsswst
qsxiao,sylvialove7
Queenie.Emika,luoye0729
Queenie.Emika,sylvialove7
Queenie.Emika,vera.xue
RiverPheonix,151306944
RiverPheonix,antijameslee
RiverPheonix,cancermomo
RiverPheonix,danyboy
robbie1127,2244561
robbie1127,elact
robbie1127,leeforce
robbie1127,sylvialove7
robbie1127,zyzyzhangyuan
rosiel,1829450
rosiel,6860748
rosiel,77046962
rosiel,luoye0729
rosiel,sylvialove7
ruoxudeng,151306944
ruoxudeng,jsswst
ruoxudeng,wzcjojo
ruwang,147896605
ruwang,52023182
ruwang,6860748
ruwang,isotherm
ruwang,lvyuanhao
ruwang,wanghou091023
sarahwinner,151306944
sardine2,bighead
sardine2,kavkalu
scarletfish,2244561
scarletfish,LucFrance
scarletfish,tk78301
seafans,51715849
seafans,darlingtudai
seafans,fangyunan
seafans,jsswst
seafans,maverick0806
seafans,movieview
SELVEN,lingrui1995
SELVEN,lvyuanhao
SELVEN,tensor
SELVEN,vividtime
SELVEN,ydyie
sharplhl,151306944
sharplhl,2244561
sharplhl,28743113
sharplhl,52023182
sharplhl,jsswst
sharplhl,leeforce
sharplhl,luoye0729
sharplhl,lvyuanhao
sharplhl,wzcjojo
sharplhl,yaozi0426
sharplhl,yezzi
sharplhl,zyzyzhangyuan
shinewewe,6860748
shinewewe,luoye0729
shinewewe,tongfusu
sleventse,151306944
sleventse,28743113
sleventse,6860748
sleventse,luoye0729
sleventse,lvyuanhao
smarttutu,sylvialove7
smokey,1829450
smokey,51715849
smokey,bigteeth
smokey,boliwawa
smokey,jsswst
smokey,wanghou091023
smokey,wzcjojo
smokey,zyzyzhangyuan
SWX,2244561
SWX,6860748
SWX,Equator
SWX,jennychang
SWX,lvyuanhao
SWX,sylvialove7
SWX,yezzi
t_--_,jsswst
t_--_,movieview
tassadar,boliwawa
tassadar,lvyuanhao
tassadar,sardine2
tassadar,yezzi
tensor,lvyuanhao
tensor,metaldudu
ThinkingCat,1002971
ThinkingCat,151306944
ThinkingCat,2244561
ThinkingCat,kinglilychou
ThinkingCat,vera.xue
thoughts,2244561
thoughts,52023182
thoughts,elact
thoughts,jennychang
tiamat,2244561
tiamat,52023182
tiamat,dapenti
tiamat,jackchen
tiamat,jsswst
tiamat,leeforce
tiamat,zyzyzhangyuan
tk78301,dreamfox
tk78301,fangyunan
tk78301,kinglilychou
tk78301,lingrui1995
tk78301,movieview
tk78301,xryutu
Uvo,151306944
Uvo,1829450
Uvo,2244561
Uvo,6860748
Uvo,75769830
Uvo,Equator
Uvo,jennychang
Uvo,sardine2
Uvo,sylvialove7
Uvo,waking
Uvo,wzcjojo
Uvo,xpwk
Uvo,yezzi
vera.xue,Calico
vera.xue,claymoreteresa
vera.xue,ThinkingCat
veverlee,4093950
veverlee,4370686
veverlee,51715849
veverlee,52023182
veverlee,boliwawa
veverlee,jsswst
veverlee,kinglilychou
veverlee,LucFrance
veverlee,maverick0806
veverlee,RiverPheonix
veverlee,seafans
veverlee,wzcjojo
vividtime,4093950
vividtime,51715849
vividtime,6860748
vividtime,isotherm
vividtime,jennychang
vividtime,lvyuanhao
vividtime,qfmeng
vividtime,SELVEN
vividtime,sylvialove7
vividtime,yezzi
waking,151306944
waking,darlingtudai
waking,fangyunan
waking,jsswst
wanger0619,chesirecat
wanger0619,dreamfox
wanger0619,kinglilychou
wanger0619,krisontheroad
wanger0619,qdmimi19810920
wanger0619,tensor
wanger0619,tk78301
wanger0619,yezzi
wanghou091023,danyboy
wanghou091023,xyc1987
weiwu,52023182
weiwu,6860748
weiwu,lvyuanhao
weiwu,neufly
weiwu,SELVEN
weiwu,sylvialove7
weiwu,wzcjojo
weiwu,zhengshuashua
wenzel,1002971
wenzel,151306944
wenzel,2244561
wenzel,52023182
wenzel,bigteeth
wenzel,boliwawa
wenzel,flower21
wenzel,jennychang
wenzel,leeforce
wenzel,lvyuanhao
wenzel,nopanic
wenzel,sarahwinner
wenzel,seafans
wenzel,t_--_
wenzel,xpwk
whoiswho,147896605
whoiswho,chils
whoiswho,wisely1229
whoiswho,wzcjojo
wisely1229,1829450
wisely1229,58259026
wisely1229,bigteeth
wisely1229,boliwawa
wisely1229,jsswst
wisely1229,luoye0729
wisely1229,lvyuanhao
wisely1229,qfmeng
wisely1229,sylvialove7
wisely1229,waking
wisely1229,yezzi
wisely1229,zyzyzhangyuan
wusequanwei,4093950
wusequanwei,bigteeth
wusequanwei,boliwawa
wusequanwei,eric_iiw
wusequanwei,movieview
wusequanwei,RiverPheonix
wusequanwei,SELVEN
wuzhihong,elact
wuzhihong,RiverPheonix
wuzhihong,sardine2
wuzhihong,sylvialove7
wuzhihong,yezzi
wzcjojo,3064233
wzcjojo,51715849
wzcjojo,dreamfox
wzcjojo,fangyunan
wzcjojo,immortal_3
wzcjojo,lovedzc
wzcjojo,problemchildren
wzcjojo,whoiswho
xiaojia86,151306944
xiaojia86,28743113
xiaojia86,lvyuanhao
xiaojia86,RiverPheonix
xiaojia86,sardine2
xiaojia86,sylvialove7
xpwk,151306944
xpwk,77046962
xpwk,bdleizi
xpwk,lvyuanhao
xryutu,6860748
xryutu,CammyWhite
xryutu,jennychang
xryutu,leeforce
xryutu,SELVEN
xryutu,zhengshuashua
xseac,2244561
xseac,52023182
xseac,jennychang
xseac,lvyuanhao
xseac,sardine2
xyc1987,wanghou091023
yalindongdong,151306944
yalindongdong,28743113
yalindongdong,4093950
yalindongdong,51715849
yalindongdong,boliwawa
yalindongdong,maverick0806
yalindongdong,neufly
yaozi0426,boliwawa
yaozi0426,darlingtudai
yaozi0426,kinglilychou
yaozi0426,luzhiyu
yaozi0426,lvyuanhao
yaozi0426,zhangzongqian
ydyie,51715849
ydyie,boliwawa
ydyie,lvyuanhao
ydyie,neufly
ydyie,seafans
ydyie,SELVEN
ydyie,tk78301
ydyie,wzcjojo
yezzi,151306944
yezzi,banbeizi
yezzi,claymoreteresa
yezzi,danyboy
yezzi,Queenie.Emika
yezzi,sharplhl
yezzi,tiamat
yimaxxduck,1829450
yimaxxduck,213118435
yimaxxduck,6860748
yimaxxduck,77046962
yimaxxduck,bigteeth
yimaxxduck,kinglilychou
yimaxxduck,lvyuanhao
yimaxxduck,RiverPheonix
yimaxxduck,sylvialove7
yimaxxduck,wanghou091023
yimaxxduck,zhengshuashua
yimaxxduck,zyzyzhangyuan
yinxiang,58259026
yinxiang,63306399
yinxiang,boliwawa
yinxiang,Equator
yinxiang,eric_iiw
yinxiang,flower21
yinxiang,isotherm
yinxiang,jsswst
yinxiang,LucFrance
yinxiang,neufly
yinxiang,nopanic
yinxiang,sardine2
yinxiang,SELVEN
yinxiang,t_--_
yinxiang,tk78301
yinxiang,tongfusu
yinxiang,wzcjojo
yinxiang,xpwk
yuanchanggeng,77046962
yuanchanggeng,lvyuanhao
yuanchanggeng,nopanic
yuanchanggeng,RiverPheonix
yuanchanggeng,sylvialove7
yuanchanggeng,yezzi
yuanzhigao_0,77046962
yuanzhigao_0,lvyuanhao
yuanzhigao_0,movieview
yuanzhigao_0,neufly
yuanzhigao_0,RiverPheonix
yushi,1829450
yushi,jsswst
yushi,xpwk
zeroqq,52023182
zeroqq,alcudish
zeroqq,boliwawa
zeroqq,Equator
zeroqq,eric_iiw
zeroqq,neufly
zeroqq,sylvialove7
zeroqq,zyzyzhangyuan
zeze,1829450
zeze,leeforce
zeze,yezzi
zhangjiawei,1829450
zhangjiawei,2244561
zhangjiawei,28743113
zhangjiawei,4093950
zhangjiawei,51715849
zhangjiawei,52023182
zhangjiawei,62496308
zhangjiawei,63306399
zhangjiawei,6860748
zhangjiawei,77046962
zhangjiawei,Bambus
zhangjiawei,bigteeth
zhangjiawei,boliwawa
zhangjiawei,Equator
zhangjiawei,eric_iiw
zhangjiawei,isotherm
zhangjiawei,jsswst
zhangjiawei,LucFrance
zhangjiawei,maverick0806
zhangjiawei,RiverPheonix
zhangjiawei,sardine2
zhangjiawei,sylvialove7
zhangjiawei,t_--_
zhangjiawei,tk78301
zhangjiawei,waking
zhangjiawei,wanghou091023
zhangjiawei,whoiswho
zhangjiawei,wzcjojo
zhangjiawei,xpwk
zhangjiawei,xyc1987
zhangjiawei,zyzyzhangyuan
zhangzongqian,151306944
zhangzongqian,4093950
zhangzongqian,alcudish
zhangzongqian,boliwawa
zhangzongqian,flower21
zhangzongqian,jennychang
zhangzongqian,lvyuanhao
zhangzongqian,nopanic
zhangzongqian,RiverPheonix
zhangzongqian,seafans
zhangzongqian,SELVEN
zhangzongqian,yezzi
zhaoxingstar,2244561
zhaoxingstar,28743113
zhaoxingstar,52023182
zhaoxingstar,bigteeth
zhaoxingstar,sylvialove7
zhengshuashua,antony0411
zhengshuashua,ayida365
zhengshuashua,danyboy
zhengshuashua,huzhuang
zhengshuashua,jsswst
zhengshuashua,lvyuanhao
zhengshuashua,sylvialove7
zhengshuashua,tensor
zhengshuashua,yimaxxduck
zishuzishu,52023182
zishuzishu,6860748
zuoshanweng,151306944
zuoshanweng,52023182
zuoshanweng,6860748
zuoshanweng,77046962
zuoshanweng,lvyuanhao
zuoshanweng,sylvialove7
zyzyzhangyuan,52023182
zyzyzhangyuan,daisychen1942
zyzyzhangyuan,putengfei
zyzyzhangyuan,sylvialove7
